ticker,date,open,high,low,close,volume,vwap,transactions
NVDA,2024-01-02,484.04,489.0,479.19,484.16,38250879,484.12,158513
NVDA,2024-01-03,478.9,484.19,474.11,479.39,52220032,479.23,242964
NVDA,2024-01-04,471.75,478.48,467.03,473.74,30893916,473.09,157314
NVDA,2024-01-05,467.88,475.42,463.2,470.72,46837351,469.78,287700
NVDA,2024-01-08,472.39,479.72,467.66,474.97,36613218,474.12,254472
NVDA,2024-01-09,468.63,477.47,463.94,472.74,52764221,471.38,141853
NVDA,2024-01-10,476.23,482.64,471.47,477.86,34664384,477.32,188236
NVDA,2024-01-11,470.7,477.22,466.0,472.5,40769381,471.91,190165
NVDA,2024-01-12,472.12,480.73,467.4,475.97,51891953,474.7,240568
NVDA,2024-01-15,466.68,475.73,462.01,471.02,32364005,469.59,176854
NVDA,2024-01-16,475.45,483.2,470.7,478.41,55851207,477.44,251349
NVDA,2024-01-17,474.31,479.39,469.57,474.64,49837899,474.53,175861
NVDA,2024-01-18,480.68,489.67,475.87,484.82,55994510,483.46,199647
NVDA,2024-01-19,479.47,487.36,474.68,482.54,40944965,481.53,197040
NVDA,2024-01-22,478.42,486.46,473.63,481.64,51054609,480.58,279187
NVDA,2024-01-23,483.01,490.83,478.18,485.97,35134159,484.99,291136
NVDA,2024-01-24,480.85,487.91,476.04,483.08,38098434,482.34,267772
NVDA,2024-01-25,487.06,493.01,482.19,488.13,39728482,487.78,114663
NVDA,2024-01-26,484.79,489.8,479.94,484.95,39463591,484.9,170186
NVDA,2024-01-29,474.49,483.65,469.74,478.86,47015401,477.42,288196
NVDA,2024-01-30,474.13,482.03,469.38,477.25,41868957,476.22,268519
NVDA,2024-01-31,476.93,482.98,472.16,478.2,37398825,477.78,247159
NVDA,2024-02-01,476.97,485.37,472.2,480.56,42853014,479.38,252969
NVDA,2024-02-02,479.4,485.26,474.61,480.45,59926128,480.11,233569
NVDA,2024-02-05,478.38,486.84,473.59,482.02,55833087,480.82,140066
NVDA,2024-02-06,482.13,490.84,477.31,485.98,42664799,484.71,116653
NVDA,2024-02-07,482.72,490.47,477.89,485.61,44041496,484.65,165906
NVDA,2024-02-08,491.51,500.73,486.59,495.77,30344430,494.37,288932
NVDA,2024-02-09,486.1,495.34,481.24,490.44,52526333,489.01,268024
NVDA,2024-02-12,487.82,494.15,482.94,489.25,34744732,488.78,100850
NVDA,2024-02-13,494.81,504.17,489.86,499.18,37901671,497.74,231225
NVDA,2024-02-14,503.2,510.83,498.17,505.77,33192324,504.92,263918
NVDA,2024-02-15,500.55,508.8,495.54,503.77,48269106,502.7,140065
NVDA,2024-02-16,502.37,508.21,497.34,503.18,58604992,502.91,239029
NVDA,2024-02-19,509.66,517.86,504.56,512.73,44658171,511.72,129325
NVDA,2024-02-20,518.07,527.89,512.89,522.67,54949965,521.15,180612
NVDA,2024-02-21,518.21,524.65,513.02,519.46,47020708,519.04,120645
NVDA,2024-02-22,510.82,518.44,505.71,513.31,32076375,512.49,299387
NVDA,2024-02-23,515.08,520.89,509.93,515.73,49792524,515.52,244127
NVDA,2024-02-26,508.45,516.26,503.36,511.14,48197817,510.25,155521
NVDA,2024-02-27,517.11,526.26,511.94,521.04,50696028,519.75,286895
NVDA,2024-02-28,514.07,524.43,508.93,519.24,49496341,517.53,214845
NVDA,2024-02-29,526.35,534.02,521.08,528.73,37437168,527.95,116784
NVDA,2024-03-01,524.31,532.69,519.07,527.42,36903441,526.39,157728
NVDA,2024-03-04,515.97,524.84,510.81,519.65,31766213,518.43,117668
NVDA,2024-03-05,524.71,534.55,519.46,529.26,32125720,527.76,162391
NVDA,2024-03-06,524.22,532.04,518.97,526.77,46177017,525.93,289622
NVDA,2024-03-07,534.04,542.48,528.7,537.11,44180130,536.09,223987
NVDA,2024-03-08,544.06,550.55,538.62,545.1,32907924,544.75,212997
NVDA,2024-03-11,541.83,549.51,536.41,544.07,55915102,543.33,114200
NVDA,2024-03-12,544.05,554.95,538.61,549.46,32952536,547.68,205544
NVDA,2024-03-13,551.57,561.58,546.06,556.02,33278070,554.55,150224
NVDA,2024-03-14,549.12,557.11,543.63,551.6,42656449,550.78,173018
NVDA,2024-03-15,547.93,558.29,542.45,552.76,32261546,551.17,244264
NVDA,2024-03-18,542.91,551.94,537.48,546.47,46217638,545.3,103868
NVDA,2024-03-19,552.7,563.45,547.17,557.87,55460872,556.16,143597
NVDA,2024-03-20,555.21,563.47,549.65,557.89,55939511,557.0,115370
NVDA,2024-03-21,552.91,558.45,547.38,552.92,41712652,552.92,219277
NVDA,2024-03-22,546.63,555.97,541.16,550.46,51915159,549.2,245691
NVDA,2024-03-25,552.98,561.24,547.45,555.69,35696936,554.79,157068
NVDA,2024-03-26,563.98,572.94,558.34,567.27,46265856,566.18,296077
NVDA,2024-03-27,565.06,570.99,559.41,565.34,44303655,565.25,239231
NVDA,2024-03-28,554.77,565.76,549.22,560.15,32403343,558.38,148712
NVDA,2024-03-29,552.8,558.7,547.27,553.17,55854576,553.05,205847
NVDA,2024-04-01,542.46,552.8,537.03,547.33,37386460,545.72,255849
NVDA,2024-04-02,539.48,545.32,534.09,539.92,49721194,539.78,248170
NVDA,2024-04-03,537.2,547.69,531.83,542.27,36127775,540.6,287745
NVDA,2024-04-04,539.0,545.84,533.61,540.44,33926348,539.96,269214
NVDA,2024-04-05,536.63,543.71,531.26,538.33,52555934,537.77,119016
NVDA,2024-04-08,527.15,535.74,521.87,530.44,46889809,529.35,126209
NVDA,2024-04-09,522.8,529.16,517.58,523.92,37956012,523.55,191490
NVDA,2024-04-10,528.45,538.47,523.17,533.14,41085812,531.59,141352
NVDA,2024-04-11,530.89,539.12,525.58,533.78,39075514,532.83,271435
NVDA,2024-04-12,532.64,541.59,527.32,536.22,46638068,535.04,273903
NVDA,2024-04-15,525.58,535.54,520.32,530.24,37933977,528.7,128058
NVDA,2024-04-16,536.01,542.22,530.65,536.85,38452688,536.57,155215
NVDA,2024-04-17,541.94,548.48,536.52,543.05,49027138,542.69,169201
NVDA,2024-04-18,543.69,550.51,538.25,545.06,57244771,544.61,113316
NVDA,2024-04-19,536.46,544.13,531.1,538.74,38300406,537.99,100929
NVDA,2024-04-22,536.61,542.69,531.24,537.31,59393938,537.08,142357
NVDA,2024-04-23,540.99,549.43,535.58,543.99,42830607,543.0,102534
NVDA,2024-04-24,533.0,543.46,527.67,538.08,50730588,536.4,139073
NVDA,2024-04-25,536.36,546.28,530.99,540.87,47475286,539.38,138821
NVDA,2024-04-26,541.13,546.77,535.72,541.36,40939545,541.28,110458
NVDA,2024-04-29,550.09,556.76,544.59,551.25,37485892,550.86,126946
NVDA,2024-04-30,547.11,555.69,541.64,550.19,56241381,549.17,262702
NVDA,2024-05-01,552.04,562.77,546.52,557.19,37102119,555.49,142598
NVDA,2024-05-02,564.35,574.65,558.71,568.96,56442486,567.44,106497
NVDA,2024-05-03,558.99,569.85,553.4,564.2,53471594,562.48,207928
NVDA,2024-05-06,567.54,578.21,561.87,572.49,54322479,570.86,169941
NVDA,2024-05-07,563.29,572.95,557.66,567.27,41476251,565.96,110151
NVDA,2024-05-08,575.5,582.55,569.75,576.78,54497598,576.36,220665
NVDA,2024-05-09,570.87,581.35,565.16,575.59,56139691,574.04,158438
NVDA,2024-05-10,566.37,573.14,560.71,567.46,39847858,567.1,118198
NVDA,2024-05-13,577.64,585.05,571.86,579.25,49244452,578.72,204773
NVDA,2024-05-14,580.19,590.98,574.39,585.13,39934496,583.5,107235
NVDA,2024-05-15,573.23,584.64,567.5,578.85,35357034,577.0,169590
NVDA,2024-05-16,567.58,576.7,561.9,570.99,40370613,569.86,182228
NVDA,2024-05-17,566.01,577.36,560.35,571.64,33469373,569.78,251149
NVDA,2024-05-20,566.83,572.76,561.17,567.09,43081725,567.0,236293
NVDA,2024-05-21,574.89,583.78,569.14,578.0,51582899,576.97,294497
NVDA,2024-05-22,583.94,590.94,578.1,585.09,42938921,584.71,274125
NVDA,2024-05-23,592.53,602.21,586.61,596.25,49901624,595.02,132669
NVDA,2024-05-24,601.37,609.22,595.36,603.18,39278539,602.59,207057
NVDA,2024-05-27,597.22,607.43,591.25,601.42,46632374,600.03,150289
NVDA,2024-05-28,596.09,607.77,590.13,601.75,50319538,599.88,145620
NVDA,2024-05-29,604.6,612.49,598.56,606.43,46438116,605.83,100106
NVDA,2024-05-30,602.88,610.19,596.85,604.15,53572764,603.73,259032
NVDA,2024-05-31,606.89,615.82,600.82,609.72,43264793,608.79,156020
NVDA,2024-06-03,607.25,618.23,601.18,612.11,58794960,610.51,292927
NVDA,2024-06-04,606.26,612.84,600.19,606.77,45463560,606.6,265921
NVDA,2024-06-05,611.0,617.69,604.89,611.57,58559989,611.38,161569
NVDA,2024-06-06,616.24,623.8,610.07,617.62,35973897,617.16,106402
NVDA,2024-06-07,603.42,615.51,597.38,609.41,48338219,607.44,119091
NVDA,2024-06-10,605.13,616.65,599.08,610.54,47270126,608.76,288310
NVDA,2024-06-11,614.06,623.29,607.92,617.11,37319533,616.11,271981
NVDA,2024-06-12,617.99,629.79,611.81,623.56,55813216,621.72,127941
NVDA,2024-06-13,630.78,638.49,624.47,632.16,54123295,631.71,282429
NVDA,2024-06-14,634.48,641.15,628.13,634.8,37475948,634.69,131813
NVDA,2024-06-17,630.9,642.36,624.59,636.0,50027331,634.31,246518
NVDA,2024-06-18,634.38,646.87,628.04,640.47,56742777,638.46,260603
NVDA,2024-06-19,644.38,656.68,637.93,650.18,42802222,648.26,243621
NVDA,2024-06-20,650.11,657.66,643.61,651.15,55844847,650.81,217983
NVDA,2024-06-21,646.03,654.1,639.57,647.63,49129843,647.1,236655
NVDA,2024-06-24,647.97,656.02,641.49,649.52,43196177,649.01,287051
NVDA,2024-06-25,644.89,653.11,638.44,646.65,39591287,646.07,241597
NVDA,2024-06-26,637.91,645.27,631.53,638.88,41491058,638.56,140056
NVDA,2024-06-27,645.58,652.45,639.12,645.99,42227981,645.86,242242
NVDA,2024-06-28,647.04,653.91,640.57,647.44,54986735,647.31,202099
NVDA,2024-07-01,655.55,666.0,649.0,659.4,50865689,658.13,250913
NVDA,2024-07-02,658.75,665.38,652.17,658.79,40552764,658.78,297518
NVDA,2024-07-03,652.55,665.0,646.02,658.42,55071860,656.48,241091
NVDA,2024-07-04,663.11,673.42,656.48,666.75,48097577,665.55,157812
NVDA,2024-07-05,666.97,675.48,660.3,668.79,44569259,668.19,201936
NVDA,2024-07-08,662.55,673.75,655.92,667.08,42129500,665.58,143265
NVDA,2024-07-09,671.59,684.6,664.87,677.82,59421659,675.76,240017
NVDA,2024-07-10,665.69,675.01,659.04,668.33,46931759,667.46,107104
NVDA,2024-07-11,657.55,666.98,650.97,660.38,56005540,659.44,147639
NVDA,2024-07-12,649.23,658.22,642.74,651.7,36349808,650.89,185680
NVDA,2024-07-15,644.35,656.56,637.9,650.06,38347698,648.18,210510
NVDA,2024-07-16,645.85,652.84,639.39,646.38,30581498,646.21,241405
NVDA,2024-07-17,631.86,644.31,625.54,637.93,36726664,635.93,117987
NVDA,2024-07-18,642.59,653.27,636.16,646.8,52626996,645.41,164823
NVDA,2024-07-19,641.74,648.29,635.32,641.87,34571470,641.83,133088
NVDA,2024-07-22,642.75,649.92,636.33,643.49,58432710,643.25,221905
NVDA,2024-07-23,645.5,657.0,639.05,650.49,35033674,648.84,259186
NVDA,2024-07-24,659.16,670.57,652.57,663.93,53333756,662.35,142930
NVDA,2024-07-25,676.94,684.45,670.17,677.67,30770352,677.43,181777
NVDA,2024-07-26,675.75,688.76,668.99,681.94,41259208,679.9,287436
NVDA,2024-07-29,672.71,683.48,665.98,676.72,54917149,675.39,163661
NVDA,2024-07-30,663.95,675.81,657.31,669.12,55508797,667.41,257394
NVDA,2024-07-31,673.62,685.81,666.88,679.02,46977976,677.24,110766
NVDA,2024-08-01,674.66,684.34,667.91,677.56,41117126,676.6,232634
NVDA,2024-08-02,683.54,690.47,676.71,683.63,42601762,683.6,228503
NVDA,2024-08-05,669.55,682.81,662.85,676.05,49067553,673.9,220517
NVDA,2024-08-06,680.62,690.43,673.81,683.6,52013859,682.62,270513
NVDA,2024-08-07,674.68,686.98,667.93,680.17,46145187,678.36,226745
NVDA,2024-08-08,676.04,688.49,669.28,681.67,47774238,679.81,184490
NVDA,2024-08-09,687.17,699.86,680.3,692.93,32599886,691.03,218175
NVDA,2024-08-12,685.59,695.67,678.73,688.79,48309951,687.73,199349
NVDA,2024-08-13,683.63,693.9,676.8,687.03,39750425,685.91,227808
NVDA,2024-08-14,676.67,688.94,669.91,682.11,40210165,680.32,256278
NVDA,2024-08-15,687.67,696.48,680.8,689.58,30304533,688.95,150084
NVDA,2024-08-16,676.51,688.23,669.75,681.42,44657335,679.8,298748
NVDA,2024-08-19,674.03,684.03,667.29,677.26,51355272,676.19,217486
NVDA,2024-08-20,686.33,693.84,679.47,686.97,36647892,686.76,281347
NVDA,2024-08-21,678.31,689.68,671.53,682.85,41070613,681.35,245089
NVDA,2024-08-22,683.1,692.88,676.27,686.02,52378063,685.06,186714
NVDA,2024-08-23,681.55,691.51,674.74,684.66,39198689,683.63,160434
NVDA,2024-08-26,676.14,684.22,669.38,677.45,33586642,677.02,240473
NVDA,2024-08-27,686.35,698.03,679.49,691.12,35746229,689.54,293620
NVDA,2024-08-28,688.11,700.06,681.23,693.13,59298210,691.48,237530
NVDA,2024-08-29,691.2,705.02,684.29,698.04,54978850,695.78,177659
NVDA,2024-08-30,692.2,700.38,685.28,693.45,30424451,693.04,240020
NVDA,2024-09-02,685.98,693.16,679.12,686.29,31635780,686.19,176581
NVDA,2024-09-03,692.83,700.64,685.9,693.71,56053835,693.42,228680
NVDA,2024-09-04,685.85,692.79,678.99,685.93,38530179,685.91,225492
NVDA,2024-09-05,685.56,693.69,678.7,686.82,31541301,686.41,225233
NVDA,2024-09-06,678.98,686.22,672.19,679.42,44752396,679.28,251262
NVDA,2024-09-09,684.69,691.9,677.84,685.05,34475927,684.93,247545
NVDA,2024-09-10,698.24,705.82,691.26,698.84,37445728,698.64,246295
NVDA,2024-09-11,703.83,715.2,696.79,708.12,53722224,706.7,159162
NVDA,2024-09-12,715.09,725.0,707.94,717.82,57255131,716.92,177949
NVDA,2024-09-13,722.67,737.2,715.45,729.9,39161407,727.51,262798
NVDA,2024-09-16,713.66,727.78,706.52,720.58,32977007,718.29,299946
NVDA,2024-09-17,713.8,722.46,706.66,715.31,49812844,714.81,141171
NVDA,2024-09-18,707.0,718.04,699.93,710.93,34695978,709.63,207090
NVDA,2024-09-19,707.88,719.23,700.81,712.11,38737778,710.72,160680
NVDA,2024-09-20,707.02,716.11,699.95,709.02,55788201,708.36,118659
NVDA,2024-09-23,709.8,723.58,702.7,716.42,53634840,714.24,263855
NVDA,2024-09-24,715.51,728.52,708.35,721.31,35934576,719.39,130087
NVDA,2024-09-25,720.33,732.27,713.12,725.02,57252343,723.47,137286
NVDA,2024-09-26,714.87,723.22,707.72,716.06,39228354,715.67,296334
NVDA,2024-09-27,720.46,734.43,713.26,727.16,43174603,724.95,222866
NVDA,2024-09-30,729.64,742.13,722.34,734.78,58280287,733.08,231195
NVDA,2024-10-01,735.21,745.82,727.85,738.44,47941099,737.37,213253
NVDA,2024-10-02,742.92,754.91,735.49,747.43,30775946,745.94,160011
NVDA,2024-10-03,756.44,770.45,748.88,762.82,47255973,760.72,105438
NVDA,2024-10-04,774.35,787.39,766.61,779.59,38085330,777.86,110546
NVDA,2024-10-07,788.53,797.81,780.64,789.91,45568915,789.45,215927
NVDA,2024-10-08,803.37,812.88,795.34,804.83,47559888,804.35,266405
NVDA,2024-10-09,809.09,825.18,801.0,817.01,44100311,814.4,207046
NVDA,2024-10-10,809.37,822.98,801.28,814.83,55731992,813.03,186456
NVDA,2024-10-11,810.98,823.17,802.87,815.02,49877506,813.69,204976
NVDA,2024-10-14,822.78,835.6,814.55,827.33,43644777,825.82,182448
NVDA,2024-10-15,821.69,830.87,813.47,822.64,53176437,822.33,234898
NVDA,2024-10-16,835.4,843.77,827.05,835.41,56081024,835.41,221104
NVDA,2024-10-17,834.09,844.01,825.75,835.65,40853380,835.14,298297
NVDA,2024-10-18,834.83,846.92,826.48,838.53,31548353,837.31,170007
NVDA,2024-10-21,835.17,851.42,826.82,842.99,43143482,840.41,283042
NVDA,2024-10-22,845.22,853.92,836.77,845.47,48900668,845.39,162730
NVDA,2024-10-23,852.33,863.54,843.81,854.99,30410233,854.11,206952
NVDA,2024-10-24,836.73,853.56,828.36,845.11,57387896,842.35,220965
NVDA,2024-10-25,856.47,870.67,847.9,862.05,34619133,860.21,287853
NVDA,2024-10-28,852.37,867.01,843.85,858.43,42464710,856.43,226484
NVDA,2024-10-29,874.55,885.45,865.8,876.69,46537952,875.98,200554
NVDA,2024-10-30,864.51,878.42,855.86,869.72,52388776,868.0,135784
NVDA,2024-10-31,882.03,893.32,873.21,884.48,53700185,883.67,208774
NVDA,2024-11-01,875.38,891.16,866.63,882.33,38015179,880.04,100672
NVDA,2024-11-04,875.71,887.12,866.95,878.33,47608131,877.47,272999
NVDA,2024-11-05,879.76,889.88,870.96,881.07,46157417,880.64,190472
NVDA,2024-11-06,871.99,887.48,863.27,878.69,41316301,876.48,184352
NVDA,2024-11-07,885.02,902.72,876.17,893.78,37164166,890.89,200393
NVDA,2024-11-08,881.21,896.98,872.4,888.1,31309418,885.83,295219
NVDA,2024-11-11,882.19,899.22,873.37,890.32,41436934,887.64,273982
NVDA,2024-11-12,897.18,912.1,888.21,903.07,34563159,901.12,109704
NVDA,2024-11-13,885.11,902.68,876.26,893.74,39959841,890.89,126309
NVDA,2024-11-14,905.24,918.33,896.19,909.24,45778532,907.92,219780
NVDA,2024-11-15,894.83,905.08,885.88,896.12,56127989,895.69,140464
NVDA,2024-11-18,878.24,894.01,869.46,885.16,37950683,882.88,263383
NVDA,2024-11-19,888.76,903.51,879.87,894.57,55552958,892.65,276778
NVDA,2024-11-20,906.14,918.69,897.08,909.59,39499834,908.45,288407
NVDA,2024-11-21,921.3,935.07,912.09,925.82,46230480,924.33,261863
NVDA,2024-11-22,908.5,923.42,899.42,914.27,57627872,912.37,159634
NVDA,2024-11-25,921.8,935.08,912.58,925.82,32953293,924.49,266133
NVDA,2024-11-26,935.1,945.41,925.75,936.05,34990943,935.73,178503
NVDA,2024-11-27,952.85,962.83,943.33,953.29,53884303,953.15,176904
NVDA,2024-11-28,947.54,961.15,938.06,951.64,37325922,950.29,208016
NVDA,2024-11-29,949.7,966.86,940.21,957.29,35099509,954.79,120701
NVDA,2024-12-02,960.83,974.16,951.22,964.52,50494037,963.3,230460
NVDA,2024-12-03,981.22,992.45,971.41,982.63,43834497,982.16,166578
NVDA,2024-12-04,978.03,994.44,968.25,984.6,56967255,982.43,221963
NVDA,2024-12-05,995.86,1012.68,985.91,1002.66,34739268,1000.42,215796
NVDA,2024-12-06,1012.58,1032.91,1002.46,1022.69,38974627,1019.35,211230
NVDA,2024-12-09,1028.74,1043.8,1018.46,1033.47,39063650,1031.91,200845
NVDA,2024-12-10,1049.47,1061.1,1038.98,1050.59,41440928,1050.22,194098
NVDA,2024-12-11,1046.68,1067.75,1036.22,1057.18,38856922,1053.72,272550
NVDA,2024-12-12,1056.72,1067.37,1046.15,1056.8,55952021,1056.78,295210
NVDA,2024-12-13,1069.2,1089.81,1058.5,1079.02,52355164,1075.78,175024
NVDA,2024-12-16,1091.29,1104.74,1080.38,1093.81,54057958,1092.98,157410
NVDA,2024-12-17,1096.31,1114.2,1085.35,1103.16,50332933,1100.9,288987
NVDA,2024-12-18,1110.33,1129.12,1099.23,1117.94,34103377,1115.43,125470
AAPL,2024-01-02,181.64,184.04,180.18,182.58,29267986,182.27,137779
AAPL,2024-01-03,178.64,180.59,177.21,179.16,23942354,178.99,199226
AAPL,2024-01-04,176.52,179.01,175.11,177.59,25269202,177.23,97322
AAPL,2024-01-05,178.08,180.78,176.66,179.34,30975725,178.93,145771
AAPL,2024-01-08,180.77,183.44,179.32,181.98,27709102,181.58,188093
AAPL,2024-01-09,183.44,186.35,181.97,184.87,28854243,184.4,194084
AAPL,2024-01-10,183.38,185.02,181.92,183.55,48886798,183.5,98449
AAPL,2024-01-11,184.81,186.62,183.33,185.14,40289711,185.03,168395
AAPL,2024-01-12,186.87,189.84,185.38,188.33,44137629,187.85,127942
AAPL,2024-01-15,184.63,186.69,183.15,185.21,27933757,185.02,96199
AAPL,2024-01-16,183.71,186.19,182.24,184.71,40170223,184.38,156619
AAPL,2024-01-17,182.75,185.16,181.29,183.69,31144209,183.38,168452
AAPL,2024-01-18,181.61,183.1,180.16,181.65,46527045,181.63,153584
AAPL,2024-01-19,179.4,181.72,177.96,180.28,39429571,179.99,163283
AAPL,2024-01-22,180.99,183.77,179.54,182.32,29065705,181.88,133516
AAPL,2024-01-23,179.41,180.91,177.98,179.48,21116363,179.46,144569
AAPL,2024-01-24,176.35,178.09,174.94,176.68,36126398,176.57,130940
AAPL,2024-01-25,175.25,177.6,173.85,176.19,42294203,175.88,150804
AAPL,2024-01-26,174.43,176.88,173.04,175.47,24635687,175.13,134379
AAPL,2024-01-29,175.16,177.74,173.76,176.33,38469566,175.94,116666
AAPL,2024-01-30,172.51,174.41,171.13,173.03,33301492,172.86,110947
AAPL,2024-01-31,175.05,176.59,173.65,175.19,40570407,175.14,151364
AAPL,2024-02-01,176.77,179.11,175.36,177.69,21816502,177.38,116160
AAPL,2024-02-02,175.24,176.82,173.84,175.42,45440995,175.36,139600
AAPL,2024-02-05,172.23,173.9,170.85,172.52,39184787,172.42,82799
AAPL,2024-02-06,168.95,170.76,167.6,169.4,49664627,169.25,183150
AAPL,2024-02-07,169.55,171.0,168.2,169.65,42954721,169.62,107152
AAPL,2024-02-08,168.93,171.39,167.58,170.03,26989960,169.67,181498
AAPL,2024-02-09,166.38,168.93,165.05,167.59,20085066,167.19,192513
AAPL,2024-02-12,169.15,171.86,167.8,170.5,36206463,170.06,184662
AAPL,2024-02-13,167.33,169.57,165.99,168.22,20773404,167.93,81947
AAPL,2024-02-14,166.09,168.48,164.76,167.15,37665587,166.8,82068
AAPL,2024-02-15,164.84,166.23,163.52,164.91,42251541,164.89,148955
AAPL,2024-02-16,162.24,163.62,160.94,162.32,33448256,162.3,127453
AAPL,2024-02-19,162.1,163.54,160.81,162.24,35115160,162.2,160623
AAPL,2024-02-20,158.27,160.54,157.0,159.27,46009427,158.94,148347
AAPL,2024-02-21,157.09,159.17,155.84,157.91,20934519,157.64,142781
AAPL,2024-02-22,159.29,161.11,158.01,159.83,23238854,159.65,173375
AAPL,2024-02-23,162.07,163.46,160.77,162.16,22423714,162.13,159730
AAPL,2024-02-26,159.67,161.11,158.39,159.83,38729524,159.78,156724
AAPL,2024-02-27,159.55,161.25,158.27,159.97,49838832,159.83,149541
AAPL,2024-02-28,157.92,159.83,156.65,158.56,32905979,158.35,183952
AAPL,2024-02-29,158.53,160.89,157.26,159.62,39527499,159.26,180789
AAPL,2024-03-01,158.66,161.05,157.39,159.77,32902098,159.4,196403
AAPL,2024-03-04,157.53,159.22,156.27,157.96,33604967,157.82,134524
AAPL,2024-03-05,158.78,160.45,157.51,159.18,29375707,159.05,113408
AAPL,2024-03-06,158.07,159.53,156.8,158.26,47689551,158.2,88799
AAPL,2024-03-07,155.54,156.89,154.29,155.64,32956295,155.61,177594
AAPL,2024-03-08,155.88,158.16,154.64,156.9,36691122,156.56,156869
AAPL,2024-03-11,158.75,160.74,157.48,159.47,40100397,159.23,133845
AAPL,2024-03-12,157.58,159.69,156.32,158.42,42508527,158.14,193782
AAPL,2024-03-13,160.7,162.05,159.41,160.77,28628882,160.74,120953
AAPL,2024-03-14,158.96,160.98,157.69,159.7,26382164,159.45,166079
AAPL,2024-03-15,158.35,160.71,157.08,159.43,30503419,159.07,152910
AAPL,2024-03-18,157.5,159.74,156.24,158.47,37223000,158.15,185804
AAPL,2024-03-19,157.17,159.15,155.92,157.88,43022975,157.65,161490
AAPL,2024-03-20,157.59,159.67,156.33,158.41,20787614,158.14,166223
AAPL,2024-03-21,159.89,161.51,158.61,160.23,25412482,160.12,172104
AAPL,2024-03-22,160.48,162.96,159.19,161.67,30530702,161.27,103777
AAPL,2024-03-25,163.04,165.09,161.73,163.78,32023530,163.53,98595
AAPL,2024-03-26,163.83,166.44,162.52,165.12,22752730,164.69,149531
AAPL,2024-03-27,162.61,164.47,161.31,163.16,30226879,162.98,128503
AAPL,2024-03-28,161.41,163.13,160.12,161.83,48242222,161.69,158148
AAPL,2024-03-29,159.05,160.39,157.78,159.12,24722296,159.1,160981
AAPL,2024-04-01,156.13,157.49,154.89,156.24,33293389,156.2,135576
AAPL,2024-04-02,155.44,157.24,154.2,155.99,28195005,155.81,178951
AAPL,2024-04-03,155.48,157.16,154.24,155.91,23326693,155.77,168895
AAPL,2024-04-04,156.2,158.07,154.95,156.81,40013976,156.61,85952
AAPL,2024-04-05,153.77,156.23,152.54,154.99,21643458,154.59,106794
AAPL,2024-04-08,153.41,154.9,152.18,153.67,24117044,153.58,113491
AAPL,2024-04-09,152.14,153.5,150.92,152.28,34921559,152.24,136446
AAPL,2024-04-10,149.8,151.46,148.6,150.25,41110137,150.1,145570
AAPL,2024-04-11,149.64,151.64,148.44,150.44,30625015,150.17,132044
AAPL,2024-04-12,152.31,153.58,151.09,152.36,20562246,152.34,90205
AAPL,2024-04-15,153.59,155.54,152.36,154.3,37201990,154.07,172995
AAPL,2024-04-16,154.61,156.21,153.37,154.97,32150969,154.85,122568
AAPL,2024-04-17,151.72,154.1,150.51,152.88,33802907,152.5,170388
AAPL,2024-04-18,155.06,156.41,153.82,155.17,45334530,155.13,111891
AAPL,2024-04-19,154.14,155.87,152.9,154.63,22359412,154.47,194101
AAPL,2024-04-22,152.95,154.59,151.72,153.36,29992058,153.23,102037
AAPL,2024-04-23,149.98,151.95,148.78,150.74,35918144,150.49,105415
AAPL,2024-04-24,152.49,154.14,151.27,152.92,41821373,152.77,187341
AAPL,2024-04-25,153.43,154.84,152.2,153.61,23084135,153.55,113550
AAPL,2024-04-26,150.96,152.9,149.75,151.69,42806458,151.45,165918
AAPL,2024-04-29,147.95,150.28,146.77,149.09,38838463,148.71,140811
AAPL,2024-04-30,149.47,151.58,148.27,150.38,33467157,150.08,195611
AAPL,2024-05-01,149.83,151.8,148.63,150.6,38735653,150.35,193278
AAPL,2024-05-02,152.76,154.37,151.53,153.14,33192884,153.02,141462
AAPL,2024-05-03,152.28,153.88,151.07,152.65,28240210,152.53,87362
AAPL,2024-05-06,151.55,152.86,150.34,151.64,33852274,151.61,84929
AAPL,2024-05-07,147.95,150.13,146.76,148.94,22301930,148.61,193278
AAPL,2024-05-08,151.38,152.7,150.17,151.49,37822394,151.45,130394
AAPL,2024-05-09,150.45,152.33,149.25,151.12,43754533,150.9,197424
AAPL,2024-05-10,147.26,149.52,146.08,148.34,37149700,147.98,104672
AAPL,2024-05-13,146.62,148.36,145.45,147.18,24525832,147.0,88109
AAPL,2024-05-14,145.81,147.93,144.64,146.76,45121315,146.44,173626
AAPL,2024-05-15,143.55,145.45,142.4,144.29,21174263,144.05,172749
AAPL,2024-05-16,143.3,144.96,142.16,143.81,35682441,143.64,100807
AAPL,2024-05-17,141.87,144.06,140.74,142.92,31622496,142.57,181510
AAPL,2024-05-20,141.22,143.04,140.09,141.9,43676807,141.68,164843
AAPL,2024-05-21,140.49,141.99,139.37,140.87,36738896,140.74,130667
AAPL,2024-05-22,138.76,140.69,137.65,139.57,39696922,139.3,198796
AAPL,2024-05-23,139.81,141.1,138.69,139.98,22445059,139.92,166980
AAPL,2024-05-24,137.54,139.03,136.44,137.93,49030895,137.8,171551
AAPL,2024-05-27,138.5,139.75,137.39,138.64,41265020,138.59,91104
AAPL,2024-05-28,137.08,138.6,135.99,137.5,43749858,137.36,186585
AAPL,2024-05-29,134.65,136.5,133.58,135.42,48413258,135.16,169838
AAPL,2024-05-30,137.3,138.5,136.2,137.4,40113681,137.37,146648
AAPL,2024-05-31,136.15,137.64,135.06,136.54,25407887,136.41,108074
AAPL,2024-06-03,134.76,136.67,133.68,135.59,25760157,135.31,98030
AAPL,2024-06-04,133.36,134.74,132.29,133.67,43643605,133.57,146543
AAPL,2024-06-05,134.01,135.99,132.94,134.92,46510464,134.62,84947
AAPL,2024-06-06,134.66,136.7,133.58,135.61,38540943,135.3,158282
AAPL,2024-06-07,134.66,135.92,133.59,134.84,44940351,134.78,181069
AAPL,2024-06-10,134.37,136.43,133.29,135.34,41635489,135.02,85726
AAPL,2024-06-11,134.02,135.83,132.95,134.75,27125906,134.51,138222
AAPL,2024-06-12,134.37,136.26,133.29,135.18,43514010,134.91,110671
AAPL,2024-06-13,134.89,136.3,133.81,135.22,44258716,135.11,141474
AAPL,2024-06-14,136.95,138.26,135.85,137.16,40349204,137.09,154766
AAPL,2024-06-17,139.03,140.67,137.92,139.55,28453151,139.38,130052
MSFT,2024-01-02,378.39,382.7,375.36,379.66,24861745,379.24,106174
MSFT,2024-01-03,383.2,386.7,380.14,383.63,27500096,383.49,164040
MSFT,2024-01-04,381.82,386.03,378.77,382.96,48028806,382.59,173244
MSFT,2024-01-05,384.97,390.71,381.89,387.61,28551890,386.74,180023
MSFT,2024-01-08,380.85,385.28,377.8,382.22,35400582,381.77,188926
MSFT,2024-01-09,378.05,383.98,375.02,380.93,26661140,379.98,139130
MSFT,2024-01-10,383.24,389.21,380.18,386.12,32446907,385.17,131964
MSFT,2024-01-11,385.03,388.85,381.95,385.76,49835760,385.52,129140
MSFT,2024-01-12,380.37,384.39,377.32,381.34,22972493,381.02,173677
MSFT,2024-01-15,380.7,386.19,377.66,383.13,24127987,382.33,117601
MSFT,2024-01-16,387.35,391.93,384.25,388.82,44933314,388.34,179462
MSFT,2024-01-17,390.07,394.6,386.95,391.47,20157535,391.01,90384
MSFT,2024-01-18,383.26,387.0,380.2,383.92,24485588,383.71,175320
MSFT,2024-01-19,383.82,388.21,380.75,385.13,43285178,384.7,111147
MSFT,2024-01-22,381.69,384.89,378.63,381.83,32594766,381.79,184057
MSFT,2024-01-23,383.04,386.3,379.98,383.23,45100631,383.17,145513
MSFT,2024-01-24,384.21,387.33,381.14,384.26,35461271,384.24,111711
MSFT,2024-01-25,386.16,390.16,383.08,387.07,20046930,386.77,126244
MSFT,2024-01-26,381.59,385.93,378.53,382.86,39931139,382.44,91221
MSFT,2024-01-29,381.72,385.88,378.66,382.82,48602110,382.46,151313
MSFT,2024-01-30,379.52,385.61,376.49,382.55,36624558,381.55,131177
MSFT,2024-01-31,387.46,390.69,384.36,387.59,31606439,387.55,128929
MSFT,2024-02-01,383.52,386.64,380.46,383.57,43655600,383.56,125193
MSFT,2024-02-02,377.42,382.45,374.4,379.42,23109916,378.76,156271
MSFT,2024-02-05,381.41,385.49,378.36,382.43,21330070,382.09,151567
MSFT,2024-02-06,377.75,382.74,374.73,379.7,44911509,379.05,169742
MSFT,2024-02-07,376.7,381.84,373.69,378.81,38952075,378.11,186364
MSFT,2024-02-08,371.04,376.16,368.07,373.18,48308154,372.47,84847
MSFT,2024-02-09,369.74,372.83,366.79,369.87,25984095,369.83,85492
MSFT,2024-02-12,366.0,369.85,363.07,366.91,31946721,366.61,186876
MSFT,2024-02-13,366.4,370.08,363.47,367.14,42598727,366.9,105048
MSFT,2024-02-14,361.28,366.7,358.39,363.79,21434121,362.96,165948
MSFT,2024-02-15,360.75,363.99,357.86,361.11,31040575,360.99,196586
MSFT,2024-02-16,358.11,362.25,355.24,359.37,48694361,358.95,124438
MSFT,2024-02-19,364.03,368.41,361.12,365.48,34925701,365.0,184502
MSFT,2024-02-20,363.04,368.31,360.14,365.38,41812439,364.61,90345
MSFT,2024-02-21,361.16,366.97,358.27,364.06,25413694,363.1,118504
MSFT,2024-02-22,360.99,364.11,358.1,361.22,39827576,361.14,120173
MSFT,2024-02-23,358.05,363.0,355.18,360.11,24999343,359.43,138183
MSFT,2024-02-26,357.6,360.59,354.74,357.72,46101115,357.68,126210
MSFT,2024-02-27,357.68,361.8,354.82,358.93,39184079,358.51,183740
MSFT,2024-02-28,364.46,367.59,361.54,364.68,39125376,364.6,127619
MSFT,2024-02-29,362.31,367.41,359.41,364.49,24799601,363.77,84081
MSFT,2024-03-01,357.44,362.05,354.58,359.18,43439359,358.6,84561
MSFT,2024-03-04,353.05,356.55,350.23,353.72,39354886,353.5,127467
MSFT,2024-03-05,350.2,354.61,347.39,351.79,38152844,351.26,169006
MSFT,2024-03-06,349.73,353.58,346.93,350.77,33318178,350.43,90077
MSFT,2024-03-07,349.92,354.22,347.12,351.41,31941021,350.91,165139
MSFT,2024-03-08,345.42,350.88,342.66,348.1,20777400,347.21,104385
MSFT,2024-03-11,346.66,350.52,343.89,347.74,36850181,347.38,114311
MSFT,2024-03-12,349.05,353.83,346.25,351.02,26437112,350.37,160199
MSFT,2024-03-13,345.26,350.6,342.5,347.81,34736005,346.97,96074
MSFT,2024-03-14,342.45,345.39,339.71,342.65,25179690,342.58,173502
MSFT,2024-03-15,341.35,344.33,338.62,341.59,40457877,341.51,190824
MSFT,2024-03-18,345.71,350.35,342.94,347.57,41286214,346.95,152089
MSFT,2024-03-19,345.3,350.56,342.53,347.78,45540861,346.96,173298
MSFT,2024-03-20,348.24,353.0,345.45,350.2,25222730,349.55,127381
MSFT,2024-03-21,349.63,352.76,346.83,349.96,26029411,349.85,98202
MSFT,2024-03-22,344.75,348.88,341.99,346.11,30826895,345.66,155009
MSFT,2024-03-25,341.83,346.8,339.1,344.04,36549408,343.31,160209
MSFT,2024-03-26,348.54,351.51,345.75,348.72,31944799,348.66,173969
MSFT,2024-03-27,349.8,354.08,347.0,351.27,43074936,350.79,187916
MSFT,2024-03-28,351.57,354.74,348.76,351.92,29510830,351.81,89720
MSFT,2024-03-29,348.99,353.71,346.2,350.9,30335443,350.27,195075
MSFT,2024-04-01,353.37,357.78,350.55,354.94,37633579,354.42,180634
MSFT,2024-04-02,359.62,363.76,356.75,360.87,47321368,360.46,87263
MSFT,2024-04-03,363.54,367.98,360.64,365.06,29123736,364.56,101229
MSFT,2024-04-04,360.18,365.13,357.29,362.23,30380692,361.55,148012
MSFT,2024-04-05,364.82,370.24,361.9,367.31,27518159,366.48,163238
MSFT,2024-04-08,372.49,376.29,369.51,373.31,38750670,373.04,160534
MSFT,2024-04-09,371.91,376.4,368.93,373.41,25059077,372.91,156106
MSFT,2024-04-10,366.19,371.07,363.26,368.13,41618983,367.49,159316
MSFT,2024-04-11,362.79,368.41,359.89,365.49,21235829,364.6,193217
MSFT,2024-04-12,358.44,361.44,355.58,358.57,39243612,358.53,155598
MSFT,2024-04-15,354.41,357.85,351.57,355.01,37164116,354.81,161016
MSFT,2024-04-16,355.11,359.38,352.27,356.53,38814920,356.06,117967
MSFT,2024-04-17,357.23,360.96,354.37,358.09,27346337,357.81,185820
MSFT,2024-04-18,359.4,363.14,356.52,360.25,22189190,359.97,87852
MSFT,2024-04-19,354.03,358.05,351.2,355.21,33933264,354.82,124589
MSFT,2024-04-22,355.41,359.15,352.56,356.3,41550886,356.0,176233
MSFT,2024-04-23,361.55,365.45,358.65,362.55,31961498,362.22,179701
MSFT,2024-04-24,358.78,363.29,355.91,360.4,29573476,359.87,141141
MSFT,2024-04-25,353.6,357.71,350.77,354.87,24226329,354.45,86632
MSFT,2024-04-26,350.61,354.5,347.8,351.69,38461323,351.33,112541
MSFT,2024-04-29,354.94,360.38,352.1,357.52,44404335,356.67,155718
MSFT,2024-04-30,359.62,363.05,356.74,360.17,24780272,359.99,147466
MSFT,2024-05-01,356.82,362.23,353.97,359.35,34921108,358.52,91802
MSFT,2024-05-02,363.6,367.99,360.69,365.07,49000598,364.58,108199
MSFT,2024-05-03,365.72,368.79,362.8,365.86,28440690,365.82,158317
MSFT,2024-05-06,368.87,373.78,365.92,370.81,34117605,370.17,150345
MSFT,2024-05-07,363.2,366.42,360.29,363.51,24018048,363.41,114664
MSFT,2024-05-08,364.05,369.22,361.14,366.29,30978120,365.55,132505
MSFT,2024-05-09,358.06,362.56,355.2,359.68,30875713,359.14,117827
MSFT,2024-05-10,352.06,356.32,349.25,353.49,42932123,353.02,116663
MSFT,2024-05-13,355.72,360.37,352.88,357.51,38331294,356.92,96864
MSFT,2024-05-14,362.46,366.51,359.56,363.6,43846916,363.22,124444
MSFT,2024-05-15,362.97,366.95,360.07,364.04,24328020,363.69,158966
MSFT,2024-05-16,362.34,366.71,359.45,363.8,21359100,363.32,97961
MSFT,2024-05-17,364.03,369.32,361.12,366.39,35579981,365.61,99521
MSFT,2024-05-20,365.99,370.44,363.06,367.5,29838975,367.0,160356
MSFT,2024-05-21,363.45,367.52,360.55,364.6,38495014,364.22,190441
MSFT,2024-05-22,360.48,364.35,357.6,361.45,44848681,361.13,149774
MSFT,2024-05-23,359.33,363.84,356.45,360.95,34246777,360.42,82180
MSFT,2024-05-24,356.85,361.66,354.0,358.79,49396940,358.15,156507
MSFT,2024-05-27,353.25,358.65,350.42,355.81,46162973,354.96,162478
MSFT,2024-05-28,347.72,351.84,344.94,349.05,49012120,348.61,182616
MSFT,2024-05-29,353.32,357.8,350.49,354.96,26826296,354.42,86731
MSFT,2024-05-30,355.25,358.58,352.41,355.73,38870757,355.57,161230
MSFT,2024-05-31,358.0,361.96,355.13,359.09,44649838,358.73,111745
MSFT,2024-06-03,349.67,355.16,346.87,352.34,23296865,351.46,82482
MSFT,2024-06-04,350.02,354.01,347.22,351.2,32388803,350.81,106724
MSFT,2024-06-05,347.48,352.45,344.7,349.65,47615628,348.93,194401
MSFT,2024-06-06,351.87,356.76,349.05,353.93,41173256,353.25,147984
MSFT,2024-06-07,348.73,352.44,345.94,349.64,39866803,349.34,148875
MSFT,2024-06-10,344.99,350.43,342.23,347.65,33789905,346.77,149878
MSFT,2024-06-11,344.24,347.98,341.49,345.22,43159693,344.9,174493
MSFT,2024-06-12,345.02,350.03,342.26,347.25,27930865,346.51,143462
MSFT,2024-06-13,342.16,345.58,339.43,342.84,36742599,342.62,109473
MSFT,2024-06-14,345.51,351.03,342.75,348.25,43135228,347.34,172392
MSFT,2024-06-17,342.09,346.78,339.35,344.03,29511222,343.39,125718
GOOGL,2024-01-02,139.13,141.3,138.02,140.18,41649931,139.84,117721
GOOGL,2024-01-03,137.28,139.13,136.18,138.03,31390825,137.78,131712
GOOGL,2024-01-04,138.49,140.68,137.39,139.56,44138475,139.21,118070
GOOGL,2024-01-05,135.94,138.09,134.86,136.99,22370883,136.64,137983
GOOGL,2024-01-08,136.84,138.77,135.75,137.67,26419604,137.39,188521
GOOGL,2024-01-09,136.7,138.83,135.61,137.73,40885139,137.39,97992
GOOGL,2024-01-10,134.74,136.63,133.67,135.55,27178461,135.28,86653
GOOGL,2024-01-11,135.71,137.38,134.62,136.29,39138337,136.1,86880
GOOGL,2024-01-12,133.73,135.15,132.66,134.08,34172117,133.96,169285
GOOGL,2024-01-15,135.32,136.41,134.24,135.33,36510576,135.32,100701
GOOGL,2024-01-16,133.7,135.79,132.63,134.71,46351988,134.38,142580
GOOGL,2024-01-17,134.53,136.43,133.45,135.35,28617351,135.08,117409
GOOGL,2024-01-18,134.97,137.05,133.89,135.96,22683821,135.64,155252
GOOGL,2024-01-19,133.65,135.52,132.58,134.44,45509993,134.18,84888
GOOGL,2024-01-22,136.23,137.51,135.14,136.42,46467349,136.36,103040
GOOGL,2024-01-23,138.49,139.64,137.38,138.53,45086095,138.52,183279
GOOGL,2024-01-24,137.33,139.48,136.23,138.37,48863941,138.03,117941
GOOGL,2024-01-25,140.2,141.33,139.08,140.21,37038856,140.21,94064
GOOGL,2024-01-26,141.97,143.49,140.84,142.35,33630472,142.23,164058
GOOGL,2024-01-29,141.88,143.59,140.75,142.45,48156815,142.26,191550
GOOGL,2024-01-30,142.02,143.47,140.88,142.33,44264416,142.22,123343
GOOGL,2024-01-31,139.84,141.48,138.73,140.36,27717946,140.19,104405
GOOGL,2024-02-01,137.26,138.73,136.16,137.63,28850727,137.5,168395
GOOGL,2024-02-02,138.64,139.95,137.53,138.84,45684395,138.77,197577
GOOGL,2024-02-05,137.72,139.3,136.62,138.2,29837799,138.04,132538
GOOGL,2024-02-06,138.74,140.06,137.63,138.95,24218356,138.88,122415
GOOGL,2024-02-07,141.1,142.24,139.97,141.11,31507231,141.11,138554
GOOGL,2024-02-08,141.24,143.47,140.11,142.33,29058375,141.97,174749
GOOGL,2024-02-09,142.28,143.72,141.15,142.58,30786562,142.48,110972
GOOGL,2024-02-12,139.93,141.19,138.81,140.07,29204190,140.02,133138
GOOGL,2024-02-13,139.88,142.04,138.76,140.92,46634042,140.57,180904
GOOGL,2024-02-14,139.63,140.88,138.52,139.76,47483911,139.72,118671
GOOGL,2024-02-15,138.68,140.03,137.57,138.92,48720816,138.84,142676
GOOGL,2024-02-16,136.13,138.05,135.04,136.95,38172168,136.68,134505
GOOGL,2024-02-19,136.86,138.97,135.76,137.87,42720515,137.53,185119
GOOGL,2024-02-20,138.34,139.7,137.24,138.59,27423962,138.51,178925
GOOGL,2024-02-21,138.08,140.06,136.97,138.95,35765199,138.66,149228
GOOGL,2024-02-22,139.8,141.01,138.68,139.89,36925061,139.86,88094
GOOGL,2024-02-23,140.48,142.63,139.35,141.5,26064703,141.16,150341
GOOGL,2024-02-26,139.11,140.59,137.99,139.47,35610246,139.35,95235
GOOGL,2024-02-27,139.48,141.41,138.37,140.29,34664839,140.02,197819
GOOGL,2024-02-28,139.3,141.33,138.18,140.2,33602969,139.9,147272
GOOGL,2024-02-29,138.98,140.73,137.87,139.61,36763915,139.41,168181
GOOGL,2024-03-01,140.29,142.23,139.16,141.1,31878461,140.83,187014
GOOGL,2024-03-04,138.06,139.4,136.95,138.3,22190885,138.22,135534
GOOGL,2024-03-05,137.27,138.44,136.17,137.34,49823709,137.32,197207
GOOGL,2024-03-06,133.95,136.03,132.87,134.95,20952046,134.62,133591
GOOGL,2024-03-07,133.03,134.24,131.97,133.18,39245750,133.13,175589
GOOGL,2024-03-08,133.33,134.85,132.27,133.78,49785697,133.63,130132
GOOGL,2024-03-11,132.41,134.46,131.35,133.39,31324890,133.06,90518
GOOGL,2024-03-12,133.47,135.25,132.4,134.18,36179007,133.95,165660
GOOGL,2024-03-13,135.75,136.97,134.67,135.88,49785403,135.84,131518
GOOGL,2024-03-14,135.11,136.98,134.02,135.9,26680706,135.64,80455
GOOGL,2024-03-15,136.01,138.18,134.92,137.08,33890117,136.73,174253
GOOGL,2024-03-18,136.59,138.28,135.5,137.18,44700813,136.99,112441
GOOGL,2024-03-19,136.67,137.93,135.57,136.84,25654413,136.78,194715
GOOGL,2024-03-20,137.74,138.97,136.64,137.87,44284345,137.83,134950
GOOGL,2024-03-21,137.3,139.44,136.2,138.33,46671240,137.99,111544
GOOGL,2024-03-22,136.54,137.74,135.45,136.65,21007288,136.61,158352
GOOGL,2024-03-25,136.45,138.51,135.36,137.41,27342024,137.09,85798
GOOGL,2024-03-26,136.5,137.85,135.41,136.76,26518076,136.67,193210
GOOGL,2024-03-27,137.9,139.16,136.8,138.06,49804503,138.01,110692
GOOGL,2024-03-28,138.76,140.69,137.65,139.58,29567110,139.31,158370
GOOGL,2024-03-29,139.96,142.01,138.84,140.88,27107121,140.58,194852
GOOGL,2024-04-01,138.1,139.94,136.99,138.83,26631282,138.59,119387
GOOGL,2024-04-02,136.89,138.61,135.8,137.51,37750013,137.3,176365
GOOGL,2024-04-03,138.82,140.63,137.71,139.52,32816017,139.29,144962
GOOGL,2024-04-04,136.6,138.07,135.51,136.98,39299481,136.85,129958
GOOGL,2024-04-05,137.97,139.43,136.87,138.33,32489739,138.21,99558
GOOGL,2024-04-08,136.94,138.23,135.84,137.14,36137847,137.07,111584
GOOGL,2024-04-09,138.49,139.93,137.38,138.82,41227303,138.71,185614
GOOGL,2024-04-10,138.42,139.59,137.32,138.49,32380324,138.47,134592
GOOGL,2024-04-11,138.5,139.76,137.39,138.65,27285755,138.6,106651
GOOGL,2024-04-12,137.53,138.72,136.43,137.62,33493604,137.59,128637
GOOGL,2024-04-15,134.56,136.43,133.49,135.35,25714448,135.09,115187
GOOGL,2024-04-16,133.93,135.66,132.86,134.58,21186426,134.37,89539
GOOGL,2024-04-17,132.04,133.91,130.99,132.85,41729157,132.58,153249
GOOGL,2024-04-18,131.07,132.34,130.02,131.29,47210984,131.22,119739
GOOGL,2024-04-19,133.42,134.51,132.36,133.44,48114792,133.43,177186
GOOGL,2024-04-22,130.31,132.42,129.27,131.37,34367626,131.02,111797
GOOGL,2024-04-23,131.47,133.27,130.41,132.21,31898961,131.96,111369
GOOGL,2024-04-24,131.52,133.4,130.47,132.34,31419852,132.07,149946
GOOGL,2024-04-25,132.63,134.02,131.57,132.96,30789338,132.85,195711
GOOGL,2024-04-26,132.7,133.87,131.64,132.81,49439553,132.77,141537
GOOGL,2024-04-29,133.65,135.07,132.58,134.0,26093824,133.88,121015
GOOGL,2024-04-30,132.82,134.49,131.76,133.42,26638222,133.23,99126
GOOGL,2024-05-01,130.26,131.88,129.22,130.84,37520956,130.65,174373
GOOGL,2024-05-02,130.14,131.34,129.1,130.3,29895958,130.24,129786
GOOGL,2024-05-03,130.26,131.56,129.21,130.51,36519275,130.43,169764
GOOGL,2024-05-06,128.78,130.61,127.75,129.58,34658633,129.31,174838
GOOGL,2024-05-07,129.63,131.19,128.6,130.14,25047009,129.98,184199
GOOGL,2024-05-08,129.14,130.32,128.11,129.28,36396389,129.24,104123
GOOGL,2024-05-09,130.63,132.25,129.59,131.2,39254283,131.01,87698
GOOGL,2024-05-10,130.31,132.24,129.27,131.19,22229912,130.9,187216
GOOGL,2024-05-13,131.09,132.95,130.04,131.9,32371766,131.63,190434
GOOGL,2024-05-14,132.35,133.48,131.29,132.42,24530889,132.4,108668
GOOGL,2024-05-15,131.92,133.38,130.87,132.32,38535057,132.19,167392
GOOGL,2024-05-16,133.39,135.44,132.32,134.37,39778530,134.04,82061
GOOGL,2024-05-17,131.13,132.77,130.08,131.71,20355529,131.52,149391
GOOGL,2024-05-20,132.12,133.75,131.07,132.69,28600656,132.51,145826
GOOGL,2024-05-21,133.42,135.21,132.35,134.14,44185030,133.9,199245
GOOGL,2024-05-22,131.4,133.43,130.35,132.37,35731562,132.05,111584
GOOGL,2024-05-23,130.14,131.73,129.1,130.69,44456431,130.51,115038
GOOGL,2024-05-24,131.94,133.08,130.88,132.02,48778933,132.0,140161
GOOGL,2024-05-27,131.17,133.27,130.12,132.22,26775717,131.87,169658
GOOGL,2024-05-28,133.65,134.8,132.58,133.73,49750241,133.7,165182
GOOGL,2024-05-29,134.82,136.0,133.74,134.92,31377920,134.88,152443
GOOGL,2024-05-30,133.97,135.74,132.9,134.66,41085354,134.43,90837
GOOGL,2024-05-31,134.06,135.6,132.99,134.52,43531289,134.37,154167
GOOGL,2024-06-03,135.76,137.93,134.68,136.83,46843736,136.48,85577
GOOGL,2024-06-04,134.31,136.37,133.24,135.29,40768631,134.97,154289
GOOGL,2024-06-05,134.98,136.11,133.9,135.03,22230441,135.01,116749
GOOGL,2024-06-06,136.32,138.04,135.23,136.94,20987053,136.74,191467
GOOGL,2024-06-07,134.79,136.93,133.72,135.84,37611083,135.49,178599
GOOGL,2024-06-10,136.46,138.46,135.36,137.36,47866248,137.06,119226
GOOGL,2024-06-11,135.2,136.54,134.12,135.46,45039516,135.37,131007
GOOGL,2024-06-12,135.65,137.32,134.56,136.23,31515386,136.04,176959
GOOGL,2024-06-13,133.17,135.31,132.11,134.23,41724907,133.88,145639
GOOGL,2024-06-14,134.98,136.44,133.9,135.35,22930573,135.23,110427
GOOGL,2024-06-17,136.59,138.05,135.49,136.96,43070169,136.84,158067
AMZN,2024-01-02,168.12,170.52,166.77,169.16,20888769,168.82,115825
AMZN,2024-01-03,170.2,172.18,168.84,170.82,26844151,170.61,152487
AMZN,2024-01-04,172.91,174.9,171.53,173.51,40390845,173.31,166595
AMZN,2024-01-05,171.48,173.93,170.11,172.54,28861384,172.19,112302
AMZN,2024-01-08,173.66,175.16,172.27,173.77,24626628,173.73,173280
AMZN,2024-01-09,175.25,176.87,173.85,175.47,31688659,175.4,127277
AMZN,2024-01-10,172.66,174.05,171.28,172.67,29248023,172.67,127175
AMZN,2024-01-11,174.07,175.61,172.68,174.21,22618916,174.17,136489
AMZN,2024-01-12,172.93,175.09,171.55,173.7,32241325,173.45,83442
AMZN,2024-01-15,170.06,172.18,168.7,170.82,37907736,170.57,182817
AMZN,2024-01-16,168.99,170.86,167.63,169.51,28755420,169.33,130829
AMZN,2024-01-17,170.14,172.51,168.78,171.14,36786096,170.81,111816
AMZN,2024-01-18,171.2,172.8,169.83,171.43,31421960,171.36,98198
AMZN,2024-01-19,169.39,171.11,168.04,169.76,24378044,169.64,101916
AMZN,2024-01-22,168.6,170.52,167.25,169.17,34526939,168.98,90082
AMZN,2024-01-23,166.83,169.45,165.5,168.1,41626983,167.68,144985
AMZN,2024-01-24,168.27,169.88,166.92,168.53,23209171,168.45,119932
AMZN,2024-01-25,164.68,166.53,163.37,165.21,45248401,165.03,129792
AMZN,2024-01-26,166.51,168.29,165.18,166.95,30042086,166.81,186886
AMZN,2024-01-29,167.96,170.19,166.61,168.84,37831787,168.55,119378
AMZN,2024-01-30,166.25,168.86,164.92,167.52,26025544,167.1,121180
AMZN,2024-01-31,164.77,166.62,163.45,165.3,29574129,165.12,176321
AMZN,2024-02-01,165.7,167.69,164.38,166.36,37276378,166.14,111775
AMZN,2024-02-02,164.72,166.41,163.4,165.09,43575995,164.97,127843
AMZN,2024-02-05,161.77,163.8,160.48,162.5,37766811,162.26,151516
AMZN,2024-02-06,159.38,161.65,158.1,160.36,20807483,160.04,175317
AMZN,2024-02-07,159.06,161.25,157.79,159.97,33153648,159.67,118185
AMZN,2024-02-08,161.73,163.12,160.44,161.82,45433637,161.79,184208
AMZN,2024-02-09,160.46,162.39,159.18,161.1,39000081,160.89,111722
AMZN,2024-02-12,159.23,160.7,157.96,159.43,32693838,159.36,129412
AMZN,2024-02-13,155.45,157.94,154.2,156.69,34377040,156.28,132534
AMZN,2024-02-14,155.58,157.99,154.33,156.73,46089011,156.35,134827
AMZN,2024-02-15,155.85,158.09,154.6,156.84,30785884,156.51,197375
AMZN,2024-02-16,157.79,159.81,156.53,158.54,47432037,158.29,94335
AMZN,2024-02-19,159.16,161.28,157.89,160.0,30650264,159.73,164803
AMZN,2024-02-20,159.81,161.81,158.53,160.53,39350936,160.29,164769
AMZN,2024-02-21,158.79,161.03,157.52,159.76,48971503,159.44,136420
AMZN,2024-02-22,157.08,158.46,155.82,157.2,26660032,157.16,177891
AMZN,2024-02-23,156.43,158.42,155.18,157.16,37257061,156.92,138429
AMZN,2024-02-26,155.67,157.5,154.43,156.25,40386664,156.06,170496
AMZN,2024-02-27,155.67,157.35,154.42,156.1,20736879,155.95,93703
AMZN,2024-02-28,153.59,155.97,152.36,154.73,22575643,154.35,188962
AMZN,2024-02-29,156.99,158.42,155.73,157.16,29356710,157.11,139681
AMZN,2024-03-01,158.04,159.97,156.78,158.7,30449008,158.49,92795
AMZN,2024-03-04,157.29,159.44,156.03,158.17,29567284,157.88,119356
AMZN,2024-03-05,154.4,156.52,153.16,155.28,20677553,154.99,124967
AMZN,2024-03-06,155.15,157.24,153.91,156.0,24930622,155.72,177057
AMZN,2024-03-07,154.11,155.56,152.87,154.32,24804071,154.25,153380
AMZN,2024-03-08,153.17,154.97,151.94,153.74,43932673,153.55,162543
AMZN,2024-03-11,150.96,152.95,149.75,151.74,32964033,151.48,83826
AMZN,2024-03-12,151.88,154.18,150.66,152.96,33487250,152.6,136302
AMZN,2024-03-13,151.3,153.37,150.09,152.16,26173534,151.87,178608
AMZN,2024-03-14,152.21,154.41,150.99,153.18,37320437,152.86,184792
AMZN,2024-03-15,154.96,156.44,153.72,155.19,29779547,155.12,139972
AMZN,2024-03-18,151.94,153.98,150.73,152.76,34684519,152.49,163769
AMZN,2024-03-19,151.06,152.74,149.85,151.53,31776320,151.37,94972
AMZN,2024-03-20,149.48,151.7,148.29,150.5,38520880,150.16,186658
AMZN,2024-03-21,150.37,152.55,149.17,151.34,47560477,151.02,157354
AMZN,2024-03-22,148.64,149.99,147.45,148.8,23535849,148.75,120026
AMZN,2024-03-25,146.05,147.66,144.88,146.49,24240756,146.34,130916
AMZN,2024-03-26,145.73,147.05,144.56,145.89,31511298,145.83,104347
AMZN,2024-03-27,145.04,146.83,143.88,145.67,47574829,145.46,102706
AMZN,2024-03-28,145.25,146.99,144.09,145.82,24208896,145.64,121232
AMZN,2024-03-29,146.84,148.75,145.67,147.57,45965666,147.33,81256
AMZN,2024-04-01,147.11,148.52,145.93,147.34,31518325,147.26,153607
AMZN,2024-04-02,146.64,148.4,145.47,147.22,40540900,147.03,134477
AMZN,2024-04-03,147.73,149.44,146.54,148.25,25017604,148.08,154107
AMZN,2024-04-04,144.57,146.62,143.42,145.46,28762697,145.17,116025
AMZN,2024-04-05,143.46,144.94,142.31,143.79,43422205,143.68,154140
AMZN,2024-04-08,144.09,146.14,142.93,144.98,36491785,144.68,94838
AMZN,2024-04-09,144.92,146.39,143.76,145.23,36293185,145.13,128085
AMZN,2024-04-10,144.44,146.48,143.28,145.32,42800123,145.03,137850
AMZN,2024-04-11,144.28,146.59,143.12,145.43,23072493,145.05,188799
AMZN,2024-04-12,145.84,147.3,144.68,146.13,46244295,146.04,84224
AMZN,2024-04-15,145.3,146.87,144.14,145.71,44501857,145.57,137549
AMZN,2024-04-16,147.45,148.76,146.27,147.58,44356667,147.54,107509
AMZN,2024-04-17,148.48,150.37,147.29,149.18,30518925,148.95,173159
AMZN,2024-04-18,149.14,150.85,147.95,149.65,38484535,149.48,182871
AMZN,2024-04-19,147.59,149.02,146.41,147.84,21780735,147.76,125982
AMZN,2024-04-22,147.16,149.05,145.99,147.87,25051320,147.64,172281
AMZN,2024-04-23,145.89,147.73,144.72,146.56,48571920,146.33,147425
AMZN,2024-04-24,148.3,150.31,147.12,149.11,22856754,148.85,178316
AMZN,2024-04-25,149.48,151.79,148.28,150.58,49774586,150.22,193645
AMZN,2024-04-26,150.48,152.54,149.27,151.33,23980725,151.04,99168
AMZN,2024-04-29,151.38,153.61,150.17,152.39,42844207,152.06,168635
AMZN,2024-04-30,151.44,152.83,150.23,151.62,38972059,151.56,162288
AMZN,2024-05-01,150.42,152.18,149.22,150.97,39008832,150.79,195359
AMZN,2024-05-02,151.87,153.58,150.66,152.36,42494071,152.2,171056
AMZN,2024-05-03,154.28,155.97,153.04,154.74,48507622,154.58,122898
AMZN,2024-05-06,153.98,156.3,152.75,155.06,45415019,154.71,92208
AMZN,2024-05-07,155.7,157.52,154.45,156.27,39924314,156.08,126952
AMZN,2024-05-08,157.18,159.46,155.93,158.19,31931476,157.86,136314
AMZN,2024-05-09,159.35,161.27,158.08,159.99,29685954,159.78,117171
AMZN,2024-05-10,158.1,160.11,156.84,158.84,36984263,158.6,143614
AMZN,2024-05-13,159.27,161.7,158.0,160.42,42867620,160.04,86021
AMZN,2024-05-14,156.83,159.08,155.57,157.82,33787452,157.49,96284
AMZN,2024-05-15,160.03,161.52,158.75,160.24,33695544,160.17,136072
AMZN,2024-05-16,157.39,159.53,156.13,158.26,23957392,157.98,165196
AMZN,2024-05-17,155.82,158.17,154.57,156.91,46297851,156.55,92234
AMZN,2024-05-20,157.36,158.94,156.1,157.68,31155313,157.57,198462
AMZN,2024-05-21,158.35,159.68,157.08,158.41,38768128,158.39,175156
AMZN,2024-05-22,159.16,160.73,157.88,159.46,39664556,159.36,172235
AMZN,2024-05-23,156.58,158.1,155.32,156.84,22338161,156.75,157814
AMZN,2024-05-24,154.21,156.29,152.98,155.05,20278608,154.78,171173
AMZN,2024-05-27,153.83,155.21,152.6,153.98,45810208,153.93,170968
AMZN,2024-05-28,151.59,152.88,150.37,151.67,31492097,151.64,175782
AMZN,2024-05-29,153.16,154.51,151.93,153.28,31026850,153.24,119223
AMZN,2024-05-30,150.08,152.22,148.88,151.02,42594734,150.71,97451
AMZN,2024-05-31,150.86,152.89,149.65,151.68,22052348,151.41,153831
AMZN,2024-06-03,147.92,149.88,146.74,148.69,33202982,148.44,174690
AMZN,2024-06-04,146.04,148.1,144.88,146.92,47596823,146.63,160750
AMZN,2024-06-05,146.8,149.0,145.63,147.82,22600641,147.48,93168
AMZN,2024-06-06,145.5,146.81,144.34,145.65,41900274,145.6,126076
AMZN,2024-06-07,147.69,149.25,146.51,148.07,24194905,147.94,116302
AMZN,2024-06-10,148.44,149.92,147.25,148.73,38029971,148.63,174526
AMZN,2024-06-11,148.26,150.38,147.08,149.19,40714282,148.88,191134
AMZN,2024-06-12,149.95,152.22,148.75,151.01,26163371,150.66,159551
AMZN,2024-06-13,150.01,152.12,148.81,150.91,28866261,150.61,87152
AMZN,2024-06-14,151.42,153.61,150.21,152.39,27180232,152.07,130578
AMZN,2024-06-17,149.4,151.19,148.2,149.99,37817893,149.8,149243
